Cluster,SNP,OR,P-value
156,rs2008465,0.249742103,0.034727154
160,rs2008465,0.81993603,0.456927974
236,rs2008465,0.828299128,0.475281914
7972,rs2008465,1.010282456,0.861551714
811,rs2008465,1.09421276,0.630157781
160,rs59007384,2.024891607,0.048755496
811,rs59007384,1.268081379,0.292883801
8364,rs59007384,0.94128912,0.374185952
160,rs72834698,1.005473947,0.987650617
236,rs72834698,0.343075883,0.086087249
811,rs72834698,0.635440817,0.206482709
8128,rs72834698,1.261156252,0.007585296
